Party Items,,,,,
Catering,,,,,
Ice chest 120 Q, Cooler can hold 188 - 12oz cans ,15,http://www.homedepot.com/catalog/productImages/1000/b2/b2c9df4f-98d3-49f2-b28f-351cb6d45da7_1000.jpg,,
6' cool table,100 pounds of ice will fill this table adequately ,30,http://www.allaroundtents.com/images/fill_n_chill_table2%20-%20Copy.jpg,,
Super Cooler,Keep the keg cool during hot summer events ,15,https://rapidswholesale.com/portable-beverage-tub-merchandiser-cooler.html?fee=2&fep=14054&utm_source=google_shopping&utm_medium=feed&utm_campaign=product&gclid=CjwKCAjwjozPBRAqEiwA6xTOYCnrxSBZ_UwRyTFRjivPklNecPi95RoW2tet3DHH7L_pXV1ApyuwKxoC7HMQAvD_BwE,,
Stock tank cooler 4',Black resin; use for cooling drinks or water games ,20,http://www.homedepot.com/catalog/productImages/1000/b2/b24b7970-376b-4d0c-96d8-b7a2c84f2057_1000.jpg,,
Stock Tank 100 Gal.,Black resin; use for cooling drinks or water games ,40,http://www.homedepot.com/catalog/productImages/1000/b2/b24b7970-376b-4d0c-96d8-b7a2c84f2057_1000.jpg,,
Galvanized Tub 30 Gal.,Use as a drink cooler or for decor ,20,https://images-na.ssl-images-amazon.com/images/I/71YP07EuqfL._SL1500_.jpg,,
Galvanized Tub 17 gal.,Use as a drink cooler or for decor ,10,http://cdn.newmediaretailer.com/828/assets/v1/324000/324749/web_tub.jpg,,
Half Wine Barrel Cooler, Perfect for a vineyard gathering. This cooler with hold approx. XX lbs of ice ,28,,,
Igloo 5 gallon,"Use for lemonade, ice tea, water to keep guests cool ",10,https://i5.walmartimages.com/asr/95d70f23-8ff8-44f5-8899-15929fc8d576_1.4330f9f8c5124473e802044320149d95.jpeg?odnHeight=450&odnWidth=450&odnBg=FFFFFF,,
Beehive drink dispenser, 2.4 gallon capacity ,15,https://www.webstaurantstore.com/core-2-4-gallon-glass-beverage-dispenser/553040067.html?utm_source=Google&utm_medium=cpc&utm_campaign=GoogleShopping&gclid=CjwKCAjw64bPBRApEiwAJhG-fvMtVvYZL6WEKy8vQJf9cTQBvFyOHKxwhJjkpBmORXJGhXeOmrz8iRoC2fMQAvD_BwE,,
Salt/Pepper shakers,condiments not included ,2,https://images-na.ssl-images-amazon.com/images/I/31%2B0tj0DFUL._SL500_AC_SS350_.jpg,,
Bull Horn,Perfect for projecting over large crowds,35,http://chouraevents.com/wp-content/uploads/2016/11/Bull-Horn-10-Watts.jpg,,
Speed Rack, Hold sheet pans for easy manuevring ,12, https://www.webstaurantstore.com/regency-20-pan-end-load-bun-sheet-pan-rack-unassembled/109RACKECON.html?utm_source=Google&utm_medium=cpc&utm_campaign=GoogleShopping&gclid=CjwKCAjwjozPBRAqEiwA6xTOYGQKDn6ExAQLfLyrZ82EgVn7yUN0xKqr3pok6XIaZjiyUXx2riydaBoCxhgQAvD_BwE,,
Sheet Pan,,3,https://www.webstaurantstore.com/images/products/main/180693/470675/chicago-metallic-30850-stayflat-half-size-18-gauge-plain-stainless-steel-sheet-pan.jpg,,
Cup Cake Stand,"27"" tall; 5 tiers ",40,https://createaparty.com/itemimages/3113.jpg,,
Barrel Bar,"large table with wine barrel bases; perfect as a bar, gift table or dessert table",95,https://nebula.wsimg.com/obj/NEFDMTBCQkFFRTZFNUU2QTcwQjM6MGNiMTkxMGI3YTViNDNhYWIwMjYyZTJhNTMzY2I4M2I6Ojo6OjA=,,
Portable Bar,4' tall; laminated surface,47,http://assets.cdn.newmediaretailer.com/22000/22213/web_portable-beverage-service_ps-furniture_pfb-4_052610.jpg,,
Bar Top/ with skirting, ,37,http://assets.cdn.newmediaretailer.com/22000/22137/web_100-series-laminate-buffet-table_ps-furniture_lm-series_052710.jpg,,
Beer Tap,,15,https://morebeer-web-8-pavinthewaysoftw.netdna-ssl.com/product_image/morebeer/500x500/3041.jpg,,
Jockey Box 2 Tap ,Use to cool beer; perfect for outdoor picnics,100,https://kwmedia.scdn8.secure.raxcdn.com/media/catalog/product/cache/1/image/9df78eab33525d08d6e5fb8d27136e95/2/0/20284-double-faucet-jockey-box-b2_3.jpg,,
Hot Dog Roller,holds 27 quarter lb hot dogs,45,http://www.gmpopcorn.com/products/product-description.cfm?pid=3062,,
Frusheeze Machine Double,Perfect for slushies or margaritas. Slush mix available for purchase,95,https://www.google.com/search?q=frusheez+machine&source=lnms&tbm=isch&sa=X&ved=0ahUKEwjV3anKj_TVAhVC1WMKHSdMCv4Q_AUICygC&biw=1920&bih=950&safe=active&ssui=on#imgrc=vh4FFVI3N-Hf3M:,,
5' Propane BBQ,Wheel based for easy manuvering,120,https://www.google.com/search?biw=1920&bih=950&tbm=isch&sa=1&q=bbq+5%22+propane+Big+John&oq=bbq+5%22+propane+Big+John&gs_l=psy-ab.3...17011.18205.0.19075.2.2.0.0.0.0.190.275.1j1.2.0....0...1.1.64.psy-ab..0.1.190...0.rzru3etx5CU&safe=active&ssui=on#imgrc=N7CwQnygSE2yHM:,,
Propane BBQ & Rotisserie,Propane tank with rental; propane per gallon seperate,100,https://www.google.com/search?biw=1920&bih=950&tbm=isch&sa=1&q=bbq+5%22+propane+Big+John&oq=bbq+5%22+propane+Big+John&gs_l=psy-ab.3...17011.18205.0.19075.2.2.0.0.0.0.190.275.1j1.2.0....0...1.1.64.psy-ab..0.1.190...0.rzru3etx5CU&safe=active&ssui=on#imgrc=gCH5Prg-5bcllM:,,
3' Propane BBQ grill with lid,Propane tank with rental; propane per gallon seperate,94,http://www.bigjohngrills.com/products/a2ccpkghood,,
2' x 5' Charcoal BBQ,Purchase charcoal seperately,60,https://www.google.com/search?biw=1920&bih=950&tbm=isch&sa=1&q=BBQ+2+x5+charcoal+Big+John&oq=BBQ+2+x5+charcoal+Big+John&gs_l=psy-ab.3...56243.62536.0.62838.10.10.0.0.0.0.172.929.9j1.10.0....0...1.1.64.psy-ab..0.0.0.0.7UwvovjdcZg&safe=active&ssui=on#imgrc=FfOJmQ42YWHyPM:,,
Propane Griddle Top BBQ,large cook top surface; perfect for pancake feeds ,125,http://www.bigjohngrills.com/products/pg-52spkg,,
Soup Kettle ,holds 11 qts of soup; adjustable temperature settings ,18, https://d3ld6frh4bdurh.cloudfront.net/products/122/122-sk600_large.jpg,,
Oven Roaster,Commercial rating; 18 Qt capacity; adjustable temperature ,16, https://www.restaurantequipmentsolutions.com/HAMB-32918.html?utm_source=froogle&utm_medium=shopping&utm_campaign=products&gclid=CjwKCAjwjozPBRAqEiwA6xTOYEMbfWDAhhzlUn1k08C1xsCg3LFOSCkGvKIkzC_qjvSbs4RwG8442xoCQYoQAvD_BwE,,
Steam Table,Keep foods up to temperature and reachable for buffet settings; propane ,85, http://www.bigjohngrills.com/image?filename=Products/24%20%20%20%20%20Steam%20Tables/ST-4.jpg&width=2100&height=0,,
Roll top chafer,roll top for easy access without hassles of lid falling off,30, https://d3ld6frh4bdurh.cloudfront.net/products/158/158-575170_large.jpg,,
Chafer 8 QT,,15.5, https://www.webstaurantstore.com/choice-economy-8-qt-full-size-stainless-steel-chafer-with-folding-frame/100FOLDCHAFE.html?utm_source=Google&utm_medium=cpc&utm_campaign=GoogleShopping&gclid=CjwKCAjwjozPBRAqEiwA6xTOYIMK4SHFV0LHmNOe8HwJsqx-XYz2y5dHwYvZ6V5a57gi7gctwGQoDRoCrkUQAvD_BwE,,
"4"" chafer half pan",stainless steel ,1, https://cdnimg.webstaurantstore.com/images/products/extra_large/143451/214180.jpg,,
"2"" Chafer Half Pan",stainless steel ,1, https://www.webstaurantstore.com/1-2-size-standard-weight-economy-stainless-steel-steam-table-hotel-pan-2-1-2-deep/922STP502.html?utm_source=Google&utm_medium=cpc&utm_campaign=GoogleShopping&gclid=CjwKCAjwjozPBRAqEiwA6xTOYLe9BBx2wsEXbIZ3vs-OAAV0WFMxcp-O4R_jnI3ZG6Djr0Z1L8U1ZxoC5ZsQAvD_BwE,,
"2"" Full Chafer Pan",stainless steel ,2, https://www.restaurantequipmentsolutions.com/img/lrg/a/amet-econ22.jpg,,
"6 pan camcarrier, Cambro",Insulated; keep warm foods up to temperature or cold foods below 41 degrees for 4 hours ,32.5, https://www.webstaurantstore.com/cambro-upc400131-ultra-pan-carrier-dark-brown-front-loading-insulated-food-pan-carrier/214UPC400BRN.html?utm_source=Google&utm_medium=cpc&utm_campaign=GoogleShopping&gclid=CjwKCAjw64bPBRApEiwAJhG-fgPMHcSxp29k9a7nCY55jKOSmakFUQMORF6FtiHFT465igMo2sig3RoCVokQAvD_BwE,,
"6 pan heated camcarrier, Cambro",will hold food up to 165 degree for 4 hours to meeet Food Safety Standards ,47.5, https://www.webstaurantstore.com/cambro-upch400110-black-ultra-pan-carrier-heated-holding-pan-carrier-110v/214UPCH400BK.html?utm_source=Google&utm_medium=cpc&utm_campaign=GoogleShopping&gclid=CjwKCAjw64bPBRApEiwAJhG-fqs9SLlrLDGw5648RoOThT57VLUm5JsjeY6jHOpkziT3u8mT94aOBxoCzvwQAvD_BwE, ,
Cambro 5 Gallon, 5 gallon drink dispenser; use for hot or cold drinks ,12, http://5starrental.com/wp-content/uploads/2016/07/Cambro-Drink-Dispenser.jpg,,
Serving Spoons,"Stainless Steel for a clean, sleek appearance ",0.5,https://images-na.ssl-images-amazon.com/images/I/71Wz83JftgL._SX355_.jpg,,
"SS Tongs 12""",,1,https://www.webstaurantstore.com/12-heavy-duty-stainless-steel-utility-tong/92247312.html?utm_source=Google&utm_medium=cpc&utm_campaign=GoogleShopping&gclid=CjwKCAjwjozPBRAqEiwA6xTOYDzCZmwk0JBrNYyRX-Jc6wb2HOw-BZufup9FvB9vifqiEcOwqhBdUhoCHc0QAvD_BwE,,
Acrylic Serving Tray,,6.5,http://cdn.displays2go.com/images/zoom/ft1813cl.rw_preview.jpg,,
Acrylic Salad Tongs, ,1,https://wholesaleacrylicdisplays.com/WebRoot/Store6/Shops/45632687-2f2e-4604-8a03-ff7e170f9657/587D/1428/7495/ED11/7432/0A48/331F/BCFF/Tongs.jpg,,
Falafal Tongs,,1,http://falafelexperts.com/accessories-3/,,
Oil & Vinegar Cruet Set,condiments not included ,3.5,http://cdn.displays2go.com/images/zoom/ovkit12w.ra1_preview.jpg,,
100 cup Coffee Urn,3.9 gallon capacity ,15, https://www.webstaurantstore.com/proctor-silex-45100-100-cup-3-9-gallon-coffee-urn/41045100.html?utm_source=Google&utm_medium=cpc&utm_campaign=GoogleShopping&gclid=CjwKCAjw64bPBRApEiwAJhG-fiIcbJ87E6uBzSDnzHI_qkrK5YCb28kAtECIZDAJaqlgbKufArqZthoCkfMQAvD_BwE,,
30 Cup Coffee Urn,1.2 gallon capacity ,9, https://www.webstaurantstore.com/west-bend-58030r-30-cup-1-2-gallon-aluminum-light-duty-coffee-urn/53958030R.html,,
Air Pot 2.5L/10.5 cup,perfect for keeping hot drinks hot,6.5, https://www.webstaurantstore.com/choice-2-5-liter-glass-lined-stainless-steel-airpot-with-lever/234AP825.html?utm_source=Google&utm_medium=cpc&utm_campaign=GoogleShopping&gclid=CjwKCAjw64bPBRApEiwAJhG-fgHGF6Iq7_FsNSPU0qS_-Vsu_AaSBzEviO9v15edxqXNquvFCC37-BoCVtIQAvD_BwE,,
Coffee Server,insulated to keep hot drinks hot ,4, https://cdnimg.webstaurantstore.com/images/expanded-descriptions/4/7/47631/2481bb0d-5056-b05e-bc0d2c0722c7626c.jpg,,
Carafe,glass carafe ,1, https://images-na.ssl-images-amazon.com/images/I/31IvkYMUUtL._SL500_AC_SS350_.jpg,,
Acrylic Pitcher,60 oz of liquid capacity ,1.75, https://www.webstaurantstore.com/choice-60-oz-clear-san-plastic-beverage-pitcher/69060P.html?utm_source=Google&utm_medium=cpc&utm_campaign=GoogleShopping&gclid=CjwKCAjwjozPBRAqEiwA6xTOYIMt0nS13O-lbqPckcqPFRuaKtG9pCbThcbBKsCAV1Bv0-MRIUPdwxoCM5kQAvD_BwE,,
Glass pitcher,60 oz of liquid capacity,2.75, https://www.webstaurantstore.com/libbey-5260-60-oz-glass-pitcher/9995260.html?utm_source=Google&utm_medium=cpc&utm_campaign=GoogleShopping&gclid=CjwKCAjwjozPBRAqEiwA6xTOYIo8nnt6XwEhcn8TvsGhqX3eToWFhSvKVurLj-sMjxd-jiZxfOxknBoClRoQAvD_BwE,,
"Acrylic bowl 23"" 40.7 Qt",Use for side dishes or salads ,5.75,https://www.google.com/search?q=camwear+ribbed+bowl+23%22&tbm=isch&tbo=u&source=univ&sa=X&ved=0ahUKEwjoj7LAmvTVAhXngFQKHXceBCYQsAQIJA&biw=1920&bih=950&safe=active&ssui=on#imgrc=--1T3spK7X-OBM:,,
"Acrylic bowl 18"" 19.2 Qt",Use for side dishes or salads ,4.75,https://www.google.com/search?q=camwear+ribbed+bowl+23%22&tbm=isch&tbo=u&source=univ&sa=X&ved=0ahUKEwjoj7LAmvTVAhXngFQKHXceBCYQsAQIJA&biw=1920&bih=950&safe=active&ssui=on#imgrc=--1T3spK7X-OBM:,,
"Acrylic bowl 12"": Black",Use for side dishes or salads ,4.5, https://www.webstaurantstore.com/cambro-rsb10cw110-3-2-qt-black-camwear-round-ribbed-bowl/214RSB10CWBK.html?utm_source=Google&utm_medium=cpc&utm_campaign=GoogleShopping&gclid=CjwKCAjwjozPBRAqEiwA6xTOYG_Q0STqsOCQWF7vYE0KEbr00fSPU5enZ9moPQuZFfcVmNuQeU4yRxoC-QEQAvD_BwE,,
,,,,,
Guest Accomodations ,,,,,
Coat Rack - Large ,Perfect for winter gatherings,8,https://www.google.com/search?biw=1920&bih=950&tbm=isch&sa=1&q=coat+rack+z+frame&oq=coat+rack+z+frame&gs_l=psy-ab.3...321809.326253.0.326845.17.17.0.0.0.0.121.1238.16j1.17.0....0...1.1.64.psy-ab..0.11.818...0j0i67k1j0i8i30k1.iSG7iZBaNfY&safe=active&ssui=on#imgrc=rl2vIokZK-OihM:,,
Coat Hanger,,0.25,https://www.rssd.com/shop/search/coat+rack/item/3507/Suit-Hangers%2c-16%2c-13-Gauge-------------(500Cs),,
Rollaway Bed Single,Use for out of town guests,10,http://asrentall.com/wp-content/uploads/2013/02/rollaway-bed.jpg,,
Wheelchair ,,12.5,https://www.uk-wheelchairs.co.uk/media/catalog/product/cache/1/image/9df78eab33525d08d6e5fb8d27136e95/1/4/1473-heavy-duty-wheelchair-bariatric.jpg,,
,,,,,
Glassware,,,,,
8 oz Wine Glass, ,0.5, https://www.webstaurantstore.com/libbey-8464-citation-8-oz-wine-glass-case/5518464.html?utm_source=Google&utm_medium=cpc&utm_campaign=GoogleShopping&gclid=CjwKCAjw64bPBRApEiwAJhG-fgh53E74mifnSvOy-33SfWRMmiSWH_MYXvpT7qMYswMp1xSE7IYysRoCQXcQAvD_BwE,,
10 oz Wine Glass, ,0.5, https://www.webstaurantstore.com/stolzle-1000003t-weinland-10-oz-all-purpose-wine-glass-pack/5501000003.html,,
16 oz Wine Glass ,,0.5, https://www.webstaurantstore.com/masters-reserve-9123-renaissance-16-oz-wine-glass-case/5519123.html,,
Oregon Pinot Glass,,1.25,https://www.google.com/search?q=riedel+oregon+pinot+noir+glasses&rlz=1C5CHFA_enUS706US706&source=lnms&tbm=isch&sa=X&ved=0ahUKEwjrkYyU6MbVAhULwGMKHcNDCIUQ_AUICygC&biw=1398&bih=727#imgrc=ApGLsCPYMQma8M:,,
Balloon Wine Glass, ,0.5, https://www.webstaurantstore.com/chef-sommelier-47017-cabernet-16-oz-balloon-wine-glass-by-arc-cardinal-case/55247017.html?utm_source=Google&utm_medium=cpc&utm_campaign=GoogleShopping&gclid=CjwKCAjw64bPBRApEiwAJhG-flDSmHFXgRSe-MnCfssHyU-HUwWiKrmHQXecto1QlzlaKpmGYLC7DhoCyNIQAvD_BwE,,
Champagne Flute, ,0.5, http://wineenthusiast.scene7.com/is/image/WineEnthusiast/f/n/w/1500/24102.jpg,,
Pint Glass 16 oz,,0.5, https://www.webstaurantstore.com/core-16-oz-rim-tempered-mixing-glass-24-case/5535116HT.html?utm_source=Google&utm_medium=cpc&utm_campaign=GoogleShopping&gclid=CjwKCAjwjozPBRAqEiwA6xTOYNQQDyPudFC55aqCPVA5u9TB0p0xeniqasoC2KZFbAjIi0oi7JsjJxoCoO0QAvD_BwE,,
High Ball 8 oz, ,0.45, https://www.webstaurantstore.com/libbey-2318-lexington-8-oz-hi-ball-glass-case/5512318.html,,
Irish Coffee Mug,,0.5, https://www.webstaurantstore.com/core-8-oz-irish-coffee-mug-case/553343.html?utm_source=Google&utm_medium=cpc&utm_campaign=GoogleShopping&gclid=CjwKCAjw64bPBRApEiwAJhG-ftN-pORrSt4hLTw6YhSh2TFajqQJW2Lz-U9IgE75weVT00NXpIPK3RoCvHMQAvD_BwE,,
Punch Cup,Punch Bowl rented separately,0.75, https://i.pinimg.com/236x/33/67/6b/33676bf5bb051580de8e8e2b2d4f9a00--tea-lights-tea-cups.jpg,,
"Punch Bowl, Cut Glass",PUnch Cup are rented separately ,12, https://p1.liveauctioneers.com/1044/76462/39987500_1_x.jpg?version=1439577201&width=1600&format=pjpg&auto=webp,,
White China Coffee Cup,7 oz;  saucer rented separately,0.5, https://www.webstaurantstore.com/core-7-oz-ivory-american-white-rolled-edge-tall-china-cup-pack/999TRE1.html?utm_source=Google&utm_medium=cpc&utm_campaign=GoogleShopping&gclid=CjwKCAjw64bPBRApEiwAJhG-fr16AG4DWczFjnW7ImjEwUqbDmZ2pw_ia0ClbpgB4ONGQqPw12uRGxoCxGwQAvD_BwE,,
Saucer , ,0.5,https://www.webstaurantstore.com/core-4-7-8-ivory-american-white-rolled-edge-china-saucer-pack/999TRE36.html?utm_source=Google&utm_medium=cpc&utm_campaign=GoogleShopping&gclid=CjwKCAjw64bPBRApEiwAJhG-fno8O_eyRPURhs4u9yR9KM6JVGy0c0I4KO4CBiRpMjoPpjdF-83FDRoCitcQAvD_BwE,,
Soup Bowl,10 oz  ,0.5,https://www.webstaurantstore.com/core-10-oz-ivory-american-white-wide-rim-rolled-edge-china-soup-bowl-pack/999TRE3.html?utm_source=Google&utm_medium=cpc&utm_campaign=GoogleShopping&gclid=CjwKCAjw64bPBRApEiwAJhG-fk_rPjT3h8T7lfMfx5NNv2KIDRE8Jkd6xDrc0pKYdcATgbkfcc2uOBoCmMkQAvD_BwE,,
,,,,,
Economy Dinner Forks,,0.4,https://d3ld6frh4bdurh.cloudfront.net/products/080/080-000205_large.jpg,,
Economy Dinner Knives,,0.4,https://d3ld6frh4bdurh.cloudfront.net/products/080/080-001208_large.jpg,,
Economy Salad/Dessert Fork,,0.4, https://www.tigerchef.com/winco-0002-06-windsor-heavy-weight.html?mkwid=s_dc&pcrid=103997744362&pkw=&pmt=&plc=&gclid=CjwKCAjw64bPBRApEiwAJhG-fjGKY8S5HmS55QXhIJbB4aAjkg0GPJ08wglI4AthPYzwe3miIntWYxoC7TQQAvD_BwE,,
Economy Teaspoon,,0.4,https://cdnimg.webstaurantstore.com/images/products/extra_large/61404/1392908.jpg,,
,,, ,,
Pearl Dinner Fork, ,0.5,http://www.kirbysupply.com/Equipment/Tabletop_Essentials/Update/Pearl_Pattern_Flatware/PL-85.htm,,
Pearl Dinner Knife, ,0.5,http://www.kirbysupply.com/Equipment/Tabletop_Essentials/Update/Pearl_Pattern_Flatware/PL-88.htm,,
Pearl Salad/Dessert Fork,,0.5,https://d3ld6frh4bdurh.cloudfront.net/products/370/370-pl86_large.jpg,,
Pearl Teaspoon,,0.5,http://www.kirbysupply.com/Equipment/Tabletop_Essentials/Update/Pearl_Pattern_Flatware/PL-81.htm,,
Pearl Tablespoon,,0.5,https://d3ld6frh4bdurh.cloudfront.net/products/370/370-pl810_large.jpg,,
Pearl Soup Spoon,,0.5,https://www.instawares.com/products/O/ONA-T163SBLF_83201195801_full.jpg,,
Pearl Ice Cream Spoon,,0.5,no image ,,
Pearl Pickle Forks,,0.5,no image ,,
Steak Knife,,0.5,http://ralphsrentall.com/wp-content/uploads/2016/02/knife_steak-1-300x296.jpg,,
,,,,,
Baguette Dinner Fork,,0.5, http://www.thesheffieldcutleryshop.co.uk/wp-content/uploads/Baguette-Table-Fork.jpg,,
Baguette Dinner Knife,,0.5, https://d3ld6frh4bdurh.cloudfront.net/products/192/192-8135502_large.jpg,,
Baguette Salad/Dessert Fork,,0.5, https://www.americanrestaurantsupply.com/media/catalog/product/cache/1/image/650x/040ec09b1e35df139433887a97daa66f/A/B/ABCPAR06.jpg,,
Baguette Teaspoon,,0.5,https://www.google.com/search?biw=1920&bih=950&tbm=isch&sa=1&q=baguette+teaspoon&oq=baguette+teaspoon&gs_l=psy-ab.3...4144.4144.0.6292.1.1.0.0.0.0.59.59.1.1.0....0...1.1.64.psy-ab..0.0.0.-slOgscXllQ&safe=active&ssui=on#imgrc=JP0TOZJsrr8KFM:,,
Baguette Tablespoon,,0.5, https://www.bargreen.com/media/catalog/product/cache/1/image/363x/040ec09b1e35df139433887a97daa66f/a/b/abcpar15.jpg,,
,,,,,
"White China Lunch Plate 9""",,0.5, http://www.camelotspecialevents.com/PICS/CastleCoupChina.jpg,,
"White China Dinner Plate 10""", ,0.5, http://www.camelotspecialevents.com/PICS/CastleCoupChina.jpg,,
"White China Dessert Plate 7""",,0.5, http://www.camelotspecialevents.com/PICS/CastleCoupChina.jpg,,
White China Creamer,,0.5,https://www.webstaurantstore.com/american-metalcraft-pbc25-2-oz-porcelain-bell-creamer/124PBC25.html?utm_source=Google&utm_medium=cpc&utm_campaign=GoogleShopping&gclid=CjwKCAjw64bPBRApEiwAJhG-fo7WdqskCO5QAkOwEzCp0PQijv49sPBr8CDIc_Qdwk-tg-cT0nTKehoCuW8QAvD_BwE,,
White China Sugar Bowl,,0.5,no iimage ,,
,,,,,
Concessions,,,,,
Sno Cone Machine ,Flavors & Cones available for purchase ,47,https://www.google.com/search?q=sno+kone+machine&source=lnms&tbm=isch&sa=X&ved=0ahUKEwjWwqObl_TVAhVIzGMKHYzKBvcQ_AUICigB&biw=1920&bih=950&safe=active&ssui=on#imgrc=4OHIgMO-SaKjfM:,,
Popcorn Machine,Popcorn & Bags available for purchase,47,https://www.google.com/search?q=popcorn+machine+gold+medal&source=lnms&tbm=isch&sa=X&ved=0ahUKEwiCyMapl_TVAhUUwGMKHXSiCxUQ_AUICigB&biw=1920&bih=950&safe=active&ssui=on#imgrc=2NoBMdxHR8xDYM:,,
Cotton Candy Machine,Flavors & Cones available for purchase ,47,https://www.google.com/search?q=cotton+candy+machine+gold+medal&source=lnms&tbm=isch&sa=X&ved=0ahUKEwjK-_y6l_TVAhVQ4mMKHQPIBl0Q_AUICigB&biw=1920&bih=950&safe=active&ssui=on#imgrc=eBSN9u_qAJ8blM:,,
Frusheeze Machine Double,Perfect for slushies or margaritas. Slush mix available for purchase,95,https://www.google.com/search?rlz=1C5CHFA_enUS706US706&tbm=isch&q=Frusheez+machine&spell=1&sa=X&ved=0ahUKEwjQtoHb8cbVAhUPS2MKHXkMDTwQvwUIYCgA&biw=1398&bih=727&dpr=1#imgrc=vh4FFVI3N-Hf3M:,,
Hot Dog Roller,Holds 27 quarter lb hot dogs,45,http://www.gmpopcorn.com/products/product-description.cfm?pid=3062,,
,,,,,
Games and Props,,,,,
Small Wheel of Fortune,"24"" diameter, dry erase surface",25,https://www.rssd.com/shop/catalog/party-items%2c-non-foodservice/gaming-equipment/wheels-of-chance/wheels---and---layouts/item/WOC-36COLOR/Wheel-of-Chance%2c-36-Color-wTable-Stand,,
Large Wheel of Fortune,"36"" diameter, dry erase surface",36,https://www.rssd.com/shop/catalog/party-items%2c-non-foodservice/gaming-equipment/wheels-of-chance/wheels---and---layouts/item/WOC-36COLOR/Wheel-of-Chance%2c-36-Color-wTable-Stand,,
Duck Pond,50 gallon tank; comes with submersible pump to make ducks swim ,45,http://www.twisterdisplay.com/misc.-interactive-games/duck-pond,,
Dunk Tank Trailer ,"On dolly wheels and trailer hitch, 250lb seat capacity",179,http://www.twisterdisplay.com/dunk-tank-water-games/econodunker-with-window,,
Wine Barrel ," Use for decor, cake table, sand ceremony, ",25,,http://rsvpparty.com/wp-content/uploads/2016/04/WINE-BARREL-NATURAL.jpg,
Cornhole Game,"Comes with 8 bean bags, metal legs provide stability",29,https://www.amazon.com/Viva-Sol-Bean-Toss-Game/dp/B01F8XNOJM/ref=sr_1_36?ie=UTF8&qid=1503887782&sr=8-36-spons&keywords=cornhole&psc=1,,
Bocce Ball Game,For 2-8 players,19,https://www.amazon.com/Viva-Sol-Premium-Bocce-Wooden/dp/B00WBIY3CK/ref=sr_1_1?s=sporting-goods&ie=UTF8&qid=1503887854&sr=1-1-spons&keywords=bocce+viva+sol&psc=1,,
Football Toss Frame Game,Easy setup; for use indoors/outdoors,25, http://www.twisterdisplay.com/frame-games/quarterback-toss,,
Golf Frame Game,Easy setup; for use indoors/outdoors,25,http://www.twisterdisplay.com/frame-games/golf-challenge,,
Volleyball Game Set ,Perfect for a volleyball match,29,https://www.bisoninc.com/wp-content/uploads/SVB400.jpg,,
Ladder Ball ,Use for 2-4 players,29,https://static.meijer.com/Media/007/88451/0078845101201_0600.png,,
,,,,,
Performance,,,,,
Dance Floor Package 12' x 12',Accomodates approxiamately 36 people,237,http://www.psfurniture.com/products/portable-flooring/eventxpress-seamless-portable-dance-floor,,
Dance Floor Section 3'x 4',Each piece will accomodate 3 people,16,http://www.psfurniture.com/products/portable-flooring/eventxpress-seamless-portable-dance-floor,,
PA sound system w/mic," One speaker on stand, blue tooth compatible; comes with wireless mic",87,https://www.anchoraudio.com/liberty-platinum/,,
speaker stands pair,wireless Connection between speakers,20,https://www.anchoraudio.com/liberty-platinum/,,
Easel,"Can hold 100lbs; use for posters, signs",10,https://www.rssd.com/shop/search/easel/item/87024/Display-Easel%2c-Heavy-Duty-Tripod%2c-6%27%2c-Da-Lite%2c-Black,,
Stage 4' x 8' section,12in or 24in legs available; steps available for additional charge ,30, http://www.arlingtonrental.com/img/services/Stage4%27%20x8%27.jpg,,
Stage Steps,,50,https://www.google.com/search?q=biljax+stage&rlz=1C5CHFA_enUS706US706&source=lnms&tbm=isch&sa=X&ved=0ahUKEwi3zPGc98bVAhVV7WMKHfJ-AkgQ_AUICygC&biw=1398&bih=727#imgrc=JqkRAyEkM8QkSM:,,
Generator 2000 Honda (Whisper),"2000 watt; 120V; 8.1 hrs per 1 gallon of gas; use for portable fans, TV/DVD players, computer, coffee maker",40,https://www.google.com/search?biw=1920&bih=901&tbm=isch&sa=1&q=3000+kw+generator+whisper&oq=3000+kw+generator+whisper&gs_l=psy-ab.3...28363.36393.0.36617.16.14.2.0.0.0.97.985.14.14.0....0...1.1.64.psy-ab..0.6.363...0j0i13k1j0i7i30k1j0i24k1.TPFEVqYHyAA&safe=active&ssui=on#imgrc=1O_mQFs6rtLGRM:,,
Generator 2500 Watt,"2500 watt; 120V; use for TV/DVD players, computer ",40,https://cdn.dealerspike.com/imglib/v1/800x600/imglib/trimsdb/4205871-0-17993861.jpg,,
Generator 3000 kw (Whisper),3000 watt; 12V DC outlet,65,https://www.yamaha-motor.ca/images/pages/products/units/PP/large/EF3000iSE_1_l.png,,
Generator 5.0-6.0 kw,5000- 6000 watt,65, https://ae01.alicdn.com/kf/HTB1z317KFXXXXbfXXXXq6xXFXXX5/Sea-shipping-avr-for-font-b-generator-b-font-font-b-6500-b-font-Recoil-starting.jpg,,
Generator 6500 KW (Whisper),run for 8.1 hours at full load; 11.2 hours at half load; 120V or 240V; ,85,https://www.homepower.com/sites/default/files/styles/article_gallery_active/public/articles/images/7_EU6500is_back%5B1%5D.jpg?itok=_WW5S036,,
Generator 11000 KW ,10k watts; 120V/240; OSHA worksite compliant ,90,https://www.google.com/search?q=honda+11000+kw+generator&source=lnms&tbm=isch&sa=X&ved=0ahUKEwiphcit8fjVAhUH2WMKHVkZCbAQ_AUICigB&biw=1920&bih=901&safe=active&ssui=on#imgrc=NY_vlkhuzxJcZM:,,
"Generator, G40, Towable", 18.2 hours of operation; heavy duty; mounted on towable trailer ,195,https://www.google.com/search?q=g40+generator+chicago+pneumatic&source=lnms&tbm=isch&sa=X&ved=0ahUKEwiYovuL8fjVAhUX5GMKHc35C5AQ_AUICigB&biw=1920&bih=901&safe=active&ssui=on#imgrc=F_WE3P8ELehAxM:,,
"Generator, G70, Towable","Voltage selector switch offers choice of 120/240V-1Ì÷, 208V-3Ì÷, or 480V-3Ì÷ output; mounted on towable trailer ",320,https://www.google.com/search?q=g40+generator+chicago+pneumatic&source=lnms&tbm=isch&sa=X&ved=0ahUKEwiYovuL8fjVAhUX5GMKHc35C5AQ_AUICigB&biw=1920&bih=901&safe=active&ssui=on#imgrc=F_WE3P8ELehAxM:,,
Spyder box,Power distribution box ,25,http://www.toolup.com/product-images/cepc-6506GU_1.jpg,,
100' cord spyder box,,65,https://www.google.com/search?q=spider+box&source=lnms&tbm=isch&sa=X&ved=0ahUKEwjVrrzG8PjVAhVRzWMKHVMCC00Q_AUICigB&biw=1920&bih=901&safe=active&ssui=on#imgrc=tsZk6JezfxA7jM:,,
50' cord spyder box,,45,https://www.google.com/search?q=spider+box&source=lnms&tbm=isch&sa=X&ved=0ahUKEwjVrrzG8PjVAhVRzWMKHVMCC00Q_AUICigB&biw=1920&bih=901&safe=active&ssui=on#imgrc=tsZk6JezfxA7jM:,,
Micro 3D Laser,"green and red lasers, use in combination with fog machine for ultimate effect ",30, http://media.cdn.adj.com/media/catalog/product/cache/1/thumbnail/800x800/9df78eab33525d08d6e5fb8d27136e95/m/i/micro3djpg.jpg_28.jpg,,
Chandelier: Small ,Use alone or inside tents for featured lighting ,50,https://www.rssd.com/products/item/5f986a1e-caa2-42bd-883e-0919bb91dbd1/1601-00162,,
Bistro Lighting,Shatter proof clear bulbs. 56ft cord length with ability to add more. 45 lights per strand ,47,http://tentwares.com/catalog-item/lighting-bistro-lights/,,
Globe Lighting,"10 globes on 18ft cord, stretchable to 50ft",50,https://www.rssd.com/products/item/87f68f65-6a03-4960-8558-207b22f04f93/STRLGT-10WHP-PT,,
Mirror Ball,Disco/Mirror Ball,17.5,https://www.rssd.com/shop/search/mirror/item/MBP16-LED/Mirror-Ball-Package%2c-16-w-AC-Motor%2c-LED-Pinspots,,
Red Rope,"Rope 5', velvety material",4.95,https://www.rssd.com/products/item/a2219fa2-5329-49aa-bfc7-3e2d05ebfffa/90-5118,,
Stanchion each,"Stainless finish, 37 1/2"" tall, 12"" bases",6.75,https://www.rssd.com/shop/catalog/party-items%2c-non-foodservice/crowd-control/stanchions/metal-stanchions---and---accessories/item/90-5118/Metal-Stanchions%2c-Polished-Stainless-Steel-Finish,,
25' Red Carpet ,"30"" wide; make a Hollywood entry to your event ",60,https://www.rssd.com/shop/catalog/party-items%2c-non-foodservice/wedding---or---special-event-props%2c-floor-standing/wedding-accessories/carpet-runners/item/RCR-3X25/Red-Carpet-Runner%2c-3%27-Wide-x-25%27-Long,,
Light tower,towable light tower; 30' height max; diesel powered- will need refilled when returned ,,https://milleniumproducts.net/wp-content/uploads/2016/03/2a_v_WLT-pic1-1.jpg,,
8' movie screen w/stand,"Use for slide shows, movies or to project images during event ",30,https://www.staples-3p.com/s7/is/image/Staples/s0396837_sc7?$splssku$,,
Projector Infocuse PLZ Z700,Sanyo projector; movie screen also avaiable for rent; HDMI capabilities ,95,https://images-na.ssl-images-amazon.com/images/I/51qLCqP6gaL._SX355_.jpg,,
Message Board,Comes with letters; visable for passing cars; luminates ,325,http://cdn3.volusion.com/src37.af69x/v/vspfiles/photos/S3B0900266-2.jpg,,
Podium,laminate surface; use for lectures or decorate for wedding ceremonies ,27.5,http://www.psfurniture.com/products/lecterns/portable-folding-lectern,,
,,,,,
Linens ,,,http://jomaronline.com/fortex-swatches.htm,,
"90"" Round Tablecloth: White ",heavy linen and polyester materials ,12,http://www.cvlinens.com/images/Polyester90RoundTablecloth_White.jpg,,
"90"" Round Tablecloth: Ivory ",heavy linen and polyester materials ,12,https://d3dhkfzdclezk0.cloudfront.net/pub/media/catalog/product/cache/small_image/280x357/beff4985b56e3afdbeabfc89641a4582/9/0/90-inch-round-polyester-tablecloth-beige-default.jpg,,
"90"" Round Tablecloth: Black ",heavy linen and polyester materials ,12,http://www.cvlinens.com/images/products/tablecloths/round/polyester/90-round-polyester/tc2.r90l.blk.jpg,,
"90"" Round Tablecloth: Red",heavy linen and polyester materials ,12,https://www.webstaurantstore.com/images/products/extra_large/192081/1004581.jpg,,
"90"" Round Tablecloth: Willow Green",heavy linen and polyester materials ,12,http://www.cvlinens.com/images/Polyester-90-Round-Tablecloth-Willow-Green.jpg,,
"90"" Round Tablecloth: Apple Green",heavy linen and polyester materials ,12,http://www.smartyhadaparty.com/files/images/itemimages/TCPY-90SG%2090%20Inch%20Round%20Polyester%20Sage%20Green%20Tablecloth.jpg,,
"90"" Round Tablecloth: Orange",heavy linen and polyester materials ,12,"https://images-na.ssl-images-amazon.com/images/I/31cVEWBxlAL._AC_UL246_SR190,246_.jpg",,
"90"" Round Tablecloth: Burgundy ",heavy linen and polyester materials ,12,"https://images-na.ssl-images-amazon.com/images/I/31cVEWBxlAL._AC_UL246_SR190,246_.jpg",,
"90"" Round Tablecloth: Burlap",Burlap material ,22.5,https://images-na.ssl-images-amazon.com/images/I/81-ebt%2BFKZL._SL1500_.jpg,,
,,,,,
108''  Round Tablecloth: Navy Blue,heavy linen and polyester materials ,14,,http://www.smartyhadaparty.com/files/images/itemimages/TCPY-108NV%20108%20Inch%20Round%20Polyester%20Navy%20Blue%20Tablecloth.jpg,
108'' Round Tablecloth: White ,heavy linen and polyester materials ,14,,http://www.pacificpartycanopies.com/images/resources/60-108rd.jpg,
108'' Round Tablecloth: Chocolate,heavy linen and polyester materials ,14,,http://www.cvlinens.com/images/resized/small/Round-Polyester-Tablecloth-Chocolate-Brown.jpg,
108'' Round Tablecloth: Black,heavy linen and polyester materials ,14,,https://d3dhkfzdclezk0.cloudfront.net/pub/media/catalog/product/cache/small_image/280x357/beff4985b56e3afdbeabfc89641a4582/1/2/120-inch-round-polyester-tablecloth-black-default.jpg,
108'' Round Tablecloth: Eggplant,heavy linen and polyester materials ,14,,https://cdn2.bigcommerce.com/n-nr1m3w/f6l7qqp/images/stencil/210x280/products/695/1750/120_inch_round_lamour_tablecloth_eggplant__53729.1418854914.jpg?c=2,
108'' Round Tablecloth: Ivory ,heavy linen and polyester materials ,14,,http://www.smartyhadaparty.com/files/images/itemimages/TCPY-108IV%20108%20Inch%20Round%20Polyester%20Ivory%20Tablecloth.jpg,
,,,,,
"120"" Round Tablecloth: Ivory ",heavy linen and polyester materials ,16,,http://www.smartyhadaparty.com/files/images/itemimages/TCPY-108IV%20108%20Inch%20Round%20Polyester%20Ivory%20Tablecloth.jpg,
"120"" Round Tablecloth: White",heavy linen and polyester materials ,16,,http://www.cvlinens.com/polyester-round-tablecloth-white-p-391.html,
"120"" Round Tablecloth: Black",heavy linen and polyester materials ,16,,http://www.cvlinens.com/polyester-round-tablecloth-black-p-396.html,
"120"" Round Tablecloth: Silver ",heavy linen and polyester materials ,16,,http://www.cvlinens.com/polyester-round-tablecloth-silvergray-tone-p-7015.html,
"120"" Round Tablecloth: Chocolate",heavy linen and polyester materials ,16,,http://www.cvlinens.com/polyester-round-tablecloth-chocolate-brown-p-394.html,
"120"" Round Tablecloth: Turquoise",heavy linen and polyester materials ,16,,http://www.cvlinens.com/polyester-round-tablecloth-turquoise-p-393.html,
"120"" Round Tablecloth: Purple",heavy linen and polyester materials ,16,,http://www.cvlinens.com/polyester-round-tablecloth-purple-p-399.html,
,,,,,
"132"" Round Tablecloth: Black",polyester material,18.5,,http://www.cvlinens.com/round-polyester-tablecloth-black-p-496.html,
"132"" Round Tablecloth: White ",polyester material,18.5,,http://www.cvlinens.com/round-polyester-tablecloth-white-p-487.html,
"132"" Round Tablecloth: Ivory ",polyester material,18.5,,http://www.cvlinens.com/round-polyester-tablecloth-ivory-p-491.html,
,,,,,
"20"" x 20"" Napkin: Eggplant",cotton like feel; polyester material ,0.8,,http://www.cvlinens.com/polyester-napkin-20x20-eggplantplum-p-568.html,
"20"" x 20"" Napkin: Chocolate",cotton like feel; polyester material ,0.8,,http://www.cvlinens.com/images/Polyester-Napkin-ChocolateBrown.jpg,
"20"" x 20"" Napkin: White",cotton like feel; polyester material ,0.8,,http://www.cvlinens.com/polyester-napkin-20x20-white-p-569.html,
"20"" x 20"" Napkin: Turquoise",cotton like feel; polyester material ,0.8,,http://www.cvlinens.com/polyester-napkin-20x20-turquoise-p-576.html,
"20"" x 20"" Napkin: Silver",cotton like feel; polyester material ,0.8,,http://www.cvlinens.com/polyester-napkin-20x20-silvergray-tone-p-7058.html,
"20"" x 20"" Napkin: Yellow",cotton like feel; polyester material ,0.8,,http://www.cvlinens.com/polyester-napkin-20x20-yellow-p-6587.html,
"20"" x 20"" Napkin: Navy Blue",cotton like feel; polyester material ,0.8,,http://www.cvlinens.com/polyester-napkin-20x20-navy-blue-tone-p-7774.html,
"20"" x 20"" Napkin: Tan",cotton like feel; polyester material ,0.8,,http://www.cvlinens.com/polyester-napkin-20x20-gold-p-6585.html,
"20"" x 20"" Napkin: Purple",cotton like feel; polyester material ,0.8,,http://www.cvlinens.com/polyester-napkin-20x20-purple-p-558.html,
"20"" x 20"" Napkin: Lavender",cotton like feel; polyester material ,0.8,,http://www.cvlinens.com/polyester-napkin-20x20-lavender-p-566.html,
"20"" x 20"" Napkin: Apple Green",cotton like feel; polyester material ,0.8,,http://www.cvlinens.com/polyester-napkin-20x20-apple-green-p-2909.html,
"20"" x 20"" Napkin: Red",cotton like feel; polyester material ,0.8,,http://www.cvlinens.com/polyester-napkin-20x20-p-560.html,
"20"" x 20"" Napkin: Orange",cotton like feel; polyester material ,0.8,,http://www.cvlinens.com/polyester-napkin-20x20-orange-p-1457.html,
"20"" x 20"" Napkin: Black",cotton like feel; polyester material ,0.8,,http://www.cvlinens.com/polyester-napkin-20x20-black-p-565.html,
"20"" x 20"" Napkin: Pink",cotton like feel; polyester material ,0.8,,http://www.cvlinens.com/polyester-napkin-20x20-pink-p-2591.html,
"20"" x 20"" Napkin: Ivory",cotton like feel; polyester material ,0.8,,http://www.cvlinens.com/polyester-napkin-20x20-ivory-p-567.html,
"20"" x 20"" Napkin: Fuchsia",cotton like feel; polyester material ,0.8,,http://www.cvlinens.com/polyester-napkin-20x20-fuchsia-p-574.html,
"20"" x 20"" Napkin: Peach",cotton like feel; polyester material ,0.8,,http://www.cvlinens.com/polyester-napkin-20x20-peach-p-7400.html,
"20"" x 20"" Napkin: Burnt Orange",cotton like feel; polyester material ,0.8,,http://www.cvlinens.com/polyester-napkin-20x20-burnt-orange-p-562.html,
"20"" x 20"" Napkin: Baby Blue ",cotton like feel; polyester material ,0.8,,http://www.cvlinens.com/polyester-napkin-20x20-baby-blue-p-6586.html,
"20"" x 20"" Napkin: Willow Green (satin)",satin finish ,0.8,,http://www.cvlinens.com/satin-napkin-20x20-willow-green-p-4321.html,
"20"" x 20"" Napkin: Royal Blue ",cotton like feel; polyester material ,0.8,,http://www.cvlinens.com/polyester-napkin-20x20-royal-blue-tone-p-7057.html,
"20"" x 20"" Napkin: Champagne",cotton like feel; polyester material ,0.8,,http://www.cvlinens.com/polyester-napkin-20x20-champagne-p-578.html,
"20"" x 20"" Napkin: Burgundy",cotton like feel; polyester material ,0.8,,http://www.cvlinens.com/polyester-napkin-20x20-burgundy-p-554.html,
, ,,,,
6' Fitted Tablecloth: White,polyester material ,16,,https://i.pinimg.com/736x/b1/f3/5e/b1f35e4380f2ff13543c3350a7ca7dd4--fitted-tablecloths-tablecloth-sizes.jpg,
6' Fitted Tablecloth: Eggplant,polyester material ,16,,https://images-na.ssl-images-amazon.com/images/I/31LawPZvm5L._SY300_.jpg,
6' Fitted Tablecloth: Red,polyester material ,16,,http://www.tableclothmarket.com/product/6-ft-fitted-polyester-table-cover-trade-show-booth-wedding-tablecloth-red/,
6' Fitted Tablecloth: Black,polyester material ,16,,https://www.yourchaircovers.com/8-ft-fitted-polyester-tablecloth-rectangular-black/?utm_medium=googleshopping&utm_source=bc&gclid=Cj0KCQjwvOzOBRDGARIsAICjxoeY2pcVUQauaSpNGwRONzUzW3oMDqr33p-e76FurTBl9zv_wNTmEEkaAsrQEALw_wcB,
6' Fitted Tablecloth: Purple,polyester material ,16,,https://s7d9.scene7.com/is/image/BedBathandBeyond/69002244818913p,
,,,,,
"90"" x 132"" Tablecloth: Silver",heavy linen and polyester materials ,16,,http://www.cvlinens.com/90x132-rectangular-oblong-polyester-tablecloth-silvergray-tone-p-7004.html,
"90"" x 132"" Tablecloth: Ivory",heavy linen and polyester materials ,16,,http://www.cvlinens.com/90x132-rectangular-oblong-polyester-tablecloth-ivory-p-617.html,
"90"" x 132"" Tablecloth: Black",heavy linen and polyester materials ,16,,http://www.cvlinens.com/90x132-rectangular-oblong-polyester-tablecloth-black-p-615.html,
"90"" x 132"" Tablecloth: Royal Blue",heavy linen and polyester materials ,16,,http://www.cvlinens.com/90x132-rectangular-oblong-polyester-tablecloth-royal-blue-tone-p-7003.html,
"90"" x 132"" Tablecloth: Champagne",heavy linen and polyester materials ,16,,http://www.cvlinens.com/90x132-rectangular-oblong-polyester-tablecloth-champagne-p-3547.html,
"90"" x 132"" Tablecloth: Purple",heavy linen and polyester materials ,16,,http://www.cvlinens.com/90x132-rectangular-oblong-polyester-tablecloth-purple-p-1765.html,
"90"" x 132"" Tablecloth: Chocolate",heavy linen and polyester materials ,16,,http://www.cvlinens.com/90x132-rectangular-oblong-polyester-tablecloth-chocolate-brown-deal-week-ends-1020-p-618.html,
"90"" x 132"" Tablecloth: Apple Green",heavy linen and polyester materials ,16,,http://www.cvlinens.com/90x132-rectangular-oblong-polyester-tablecloth-apple-green-p-3035.html,
"90"" x 132"" Tablecloth: Burgundy",heavy linen and polyester materials ,16,,http://www.cvlinens.com/90x132-rectangular-oblong-polyester-tablecloth-burgundy-p-4480.html,
"90"" x 132"" Tablecloth: Red",heavy linen and polyester materials ,16,,http://www.cvlinens.com/90x132-rectangular-oblong-polyester-tablecloth-p-1137.html,
"90"" x 132"" Tablecloth: White",heavy linen and polyester materials ,16,,http://www.cvlinens.com/90x132-rectangular-oblong-polyester-tablecloth-white-p-606.html,
90' x 132' Tablecloth: Orange ,heavy linen and polyester materials ,16,,http://www.cvlinens.com/90x132-rectangular-oblong-polyester-tablecloth-orange-p-2597.html,
,,,,,
"60"" x 108"" Tablecloth: Ivory",heavy linen and polyester materials ,12,,http://www.cvlinens.com/90x132-rectangular-oblong-polyester-tablecloth-ivory-p-617.html,
"60"" x 108"" Tablecloth: White",heavy linen and polyester materials ,12,,http://www.cvlinens.com/60x102-rectangular-polyester-tablecloth-white-p-7930.html,
"60"" x 108"" Tablecloth: Black",heavy linen and polyester materials ,12,,http://www.cvlinens.com/60x102-rectangular-polyester-tablecloth-black-p-7929.html,
"60"" x 108"" Tablecloth: Eggplant",heavy linen and polyester materials ,12,,http://www.cvlinens.com/90x132-rectangular-oblong-polyester-tablecloth-plumeggplant-p-1659.html,
,,,,,
"90"" x 156"" Tablecloth: White",heavy linen and polyester materials ,26,,http://www.cvlinens.com/90x156-rectangular-oblong-polyester-tablecloth-white-p-621.html,
"90"" x 156"" Tablecloth: Black",heavy linen and polyester materials ,26,,http://www.cvlinens.com/90x156-rectangular-oblong-polyester-tablecloth-black-p-622.html,
"90: x 156"" Tablecloth: Ivory",heavy linen and polyester materials ,26,,http://www.cvlinens.com/90x156-rectangular-oblong-polyester-tablecloth-ivory-p-1289.html,
"90"" x 156"" Tablecloth: Chocolate",heavy linen and polyester materials ,26,,http://www.cvlinens.com/90x156-rectangular-oblong-polyester-tablecloth-chocolate-brown-p-614.html,
"90"" x 156"" Tablecloth:  Purple",heavy linen and polyester materials ,26,,http://www.cvlinens.com/90x156-rectangular-oblong-polyester-tablecloth-plumeggplant-p-1660.html,
"90"" x 156"" Tablecloth: Navy Blue",heavy linen and polyester materials ,26,,http://www.cvlinens.com/90x156-rectangular-oblong-polyester-tablecloth-navy-blue-tone-p-7757.html,
"90"" x 156"" Tablecloth: Turquoise",heavy linen and polyester materials ,26,,http://www.cvlinens.com/90x156-rectangular-oblong-polyester-tablecloth-turquoise-p-5911.html,
,,,,,
8' Fitted Tablecloth: Red,Polyester material ,26,,http://www.tableclothmarket.com/product/6-ft-fitted-polyester-table-cover-trade-show-booth-wedding-tablecloth-red/,
8' Fitted Tablecloth: Black,Polyester material ,26,,https://www.yourchaircovers.com/8-ft-fitted-polyester-tablecloth-rectangular-black/?utm_medium=googleshopping&utm_source=bc&gclid=Cj0KCQjwvOzOBRDGARIsAICjxoeY2pcVUQauaSpNGwRONzUzW3oMDqr33p-e76FurTBl9zv_wNTmEEkaAsrQEALw_wcB,
8' Fitted Tablecloth: White,Polyester material ,26,,https://i.pinimg.com/736x/b1/f3/5e/b1f35e4380f2ff13543c3350a7ca7dd4--fitted-tablecloths-tablecloth-sizes.jpg,
8' Fitted Tablecloth: Silver,Polyester material ,26,,http://www.tableclothsfactory.com/ProductDetails.asp?ProductCode=TAB_FIT8_SILV&click=71&gclid=CjwKCAjw64bPBRApEiwAJhG-fq_PAeTWFDBsughB-iREaqhoWbfxuNZ0IGfWDS3Jazlr0G1RSDGE6hoC38wQAvD_BwE,
,,,,,
"60"" x 120"" Tablecloth: Apple Green",heavy linen and polyester materials ,14,,http://www.cvlinens.com/60x120-rectangular-polyester-tablecloth-apple-green-p-3020.html,
"60"" x 120"" Tablecloth: Black",heavy linen and polyester materials ,12,,http://www.cvlinens.com/60x120-rectangular-polyester-tablecloth-black-p-623.html,
"60"" x 120"" Tablecloth: Ivory",heavy linen and polyester materials ,12,,http://www.cvlinens.com/60x120-rectangular-polyester-tablecloth-ivory-p-626.html,
"60"" x 120"" Tablecloth: White",heavy linen and polyester materials ,12,,http://www.cvlinens.com/60x120-rectangular-polyester-tablecloth-white-p-627.html,
"60"" x 120"" Tablecloth: Fuchsia",heavy linen and polyester materials ,14,,http://www.cvlinens.com/60x120-rectangular-polyester-tablecloth-fuchsia-p-1146.html,
"60"" x 120"" Tablecloth: Navy Blue",heavy linen and polyester materials ,14,,http://www.cvlinens.com/60x120-rectangular-polyester-tablecloth-navy-blue-tone-p-7754.html,
"60"" x 120"" Tablecloth:  Purple",heavy linen and polyester materials ,14,,http://www.cvlinens.com/60x120-rectangular-polyester-tablecloth-purple-p-1839.html,
"60"" x 120"" Tablecloth: Burgundy",heavy linen and polyester materials ,14,,http://www.tableclothsfactory.com/ProductDetails.asp?ProductCode=TAB_60102_BURG&click=71&gclid=CjwKCAjw64bPBRApEiwAJhG-fjUq1nonaBE3SRwTTZV_Io5AFg8Pg08l3TJ0Y5s7xcRNlhh9G-jzmBoCssUQAvD_BwE,
"60"" x 120"" Tablecloth: Royal Blue",heavy linen and polyester materials ,14,,http://www.cvlinens.com/60x120-rectangular-polyester-tablecloth-royal-blue-tone-p-7023.html,
"60"" x 120"" Tablecloth: Red Gingham",heavy linen and polyester materials ,14,,http://www.cvlinens.com/checkered-rectangular-polyester-tablecloth-60x120-redwhite-p-6890.html,
,,,,,
"72"" x 120"" Tablecloth: Turquoise",polyester material ,14,, http://www.yourweddinglinen.com/turquoise-70-x-120-inch-polyester-rectangle-tablecloths/,
"72"" x 120"" Tablecloth: Silver",polyester material ,14,,http://www.yourweddinglinen.com/silver-70-x-120-inch-polyester-rectangle-tablecloths/,
"72"" x 120"" Tablecloth: Orange",polyester material ,14,,http://www.yourweddinglinen.com/orange-70-x-120-inch-polyester-rectangle-tablecloths/,
"72"" x 120"" Tablecloth: Burgundy",polyester material ,14,,http://www.yourweddinglinen.com/burgundy-70-x-120-inch-polyester-rectangle-tablecloths/,
"72"" x 120"" Tablecloth: Black",polyester material ,14,,https://www.linentablecloth.com/catalog/product/view/id/359/s/70-by-120-inch-rectangular-polyester-tablecloth-black/category/3/,
"72"" x 120"" Tablecloth: White",polyester material ,14,,https://www.linentablecloth.com/catalog/product/view/id/357/s/70-by-120-inch-rectangular-polyester-tablecloth-white/category/3/,
"72"" X 120"" Tablecloth: Ivory",polyester material ,14,,https://www.linentablecloth.com/catalog/product/view/id/13533/s/70-x-120-in-rectangular-polyester-tablecloth-ivory/category/3/,
"72"" x 120"" Tablecloth: Chocolate",polyester material ,14,,http://www.yourweddinglinen.com/chocolate-brown-70-x-120-inch-polyester-rectangle-tablecloths/,
"72"" x 120"" Tablecloth: Navy Blue",polyester material ,14,,http://www.yourweddinglinen.com/navy-blue-70-x-120-inch-polyester-rectangle-tablecloths/,
"72"" x 120"" Tablecloth: Red",polyester material ,14,,https://www.linentablecloth.com/catalog/product/view/id/2548/s/70-by-120-inch-rectangular-polyester-tablecloth-red/category/3/,
,,,,,
17' Skirting: Silver,Will cover four sides on a 6' table; three sides on a 8' table. Velcro attachment to clips.   ,17,,http://www.leilaniwholesale.com/ProductDetails.asp?ProductCode=SKT_POLY_SILV_17&gclid=CjwKCAjw64bPBRApEiwAJhG-fl7r1L-eEsCQuuRqc3I5cwjX2QrONSiMyqJ4Uol-nnOlzF6Py-KR8RoCVwYQAvD_BwE,
17' Skirting: Black ,Will cover four sides on a 6' table; three sides on a 8' table. Velcro attachment to clips.  ,17,,https://images-na.ssl-images-amazon.com/images/I/410sI3FOBzL._SX355_.jpg,
17' Skirting: White ,Will cover four sides on a 6' table; three sides on a 8' table. Velcro attachment to clips.  ,17,,https://images-na.ssl-images-amazon.com/images/I/41lOFQuYriL._SX355_.jpg,
17' Skirting: Red ,Will cover four sides on a 6' table; three sides on a 8' table. Velcro attachment to clips.  ,17,,https://www.picclickimg.com/d/l400/pict/322368872505_/Phoenix-17-1-2-Feet-Table-Skirting-Shirred-Red.jpg,
,,,,,
,,,,,
Sash: Red,Satin material ,0.6,https://www.tableclothsfactory.com/Satin-Red-Chair-Sash-p/sashp_ss_red.htm,,
Sash: Black,Satin material ,0.6,https://www.tableclothsfactory.com/Satin-Black-Chair-Sash-p/sashp_ss_blk.htm,,
Sash: White,Satin material ,0.6,https://www.tableclothsfactory.com/Satin-White-Chair-Sash-p/sashp_ss_wht.htm,,
Sash: Apple Green,Satin material ,0.6,https://www.tableclothsfactory.com/Satin-Apple-Green-Chair-Sash-p/sashp_ss_appl.htm,,
Sash: Royal Blue,Satin material ,0.6,http://www.tableclothsfactory.com/ProductDetails.asp?ProductCode=SASHP_SS_ROY,,
Sash: Yellow,Satin material ,0.6,http://www.tableclothsfactory.com/ProductDetails.asp?ProductCode=SASHP_SS_YEL,,
Sash: Turquoise,Satin material ,0.6,http://www.tableclothsfactory.com/ProductDetails.asp?ProductCode=SASHP_SS_TURQ,,
Sash: Chocolate Brown,Satin material ,0.6,https://www.tableclothsfactory.com/Satin-Chocolate-Chair-Sash-p/sashp_ss_choc.htm,,
Sash: Orange,Satin material ,0.6,https://www.tableclothsfactory.com/Satin-Navy-Chair-Sash-p/sashp_ss_navy.htm,,
Sash: Ivory,Satin material ,0.6,https://www.tableclothsfactory.com/Satin-Navy-Chair-Sash-p/sashp_ss_navy.htm,,
Sash: Navy Blue,Satin material ,0.6,https://www.tableclothsfactory.com/Satin-Navy-Chair-Sash-p/sashp_ss_navy.htm,,
Sash: Willow Green,Satin material ,0.6,https://www.tableclothsfactory.com/5-PCS-Willow-Green-Lamour-Satin-Chair-Sashes-Cater-p/sashp_lam_will.htm,,
Sash: Royal Purple,Satin material ,0.6,https://www.tableclothsfactory.com/Satin-Black-Chair-Sash-p/sashp_ss_blk.htm,,
Sash: Burnt Orange,Satin material ,0.6,https://www.tableclothsfactory.com/Satin-Burnt-Orange-Chair-Sash-p/sashp_ss_brnt.htm,,
Sash: Pink,Satin material ,0.6,http://www.tableclothsfactory.com/ProductDetails.asp?ProductCode=SASHP_SS_PINK,,
Sash: Lavender,Satin material ,0.6,http://www.tableclothsfactory.com/ProductDetails.asp?ProductCode=SASHP_SS_LAV,,
Sash: Peach,Satin material ,0.6,http://www.tableclothsfactory.com/ProductDetails.asp?ProductCode=SASHP_SS_PCH,,
Sash: Dusty Rose,Satin material ,0.6,https://www.tableclothsfactory.com/Satin-Mauve-Chair-Sash-p/sashp_ss_mauv.htm,,
Sash: Fuchsia,Satin material ,0.6,https://www.tableclothsfactory.com/Satin-Fushia-Chair-Sash-p/sashp_ss_fush.htm,,
Sash: Apple Green,Satin material ,0.6,http://www.tableclothsfactory.com/ProductDetails.asp?ProductCode=SASHP_SS_SAGE,,
Sash: Maroon,Satin material ,0.6,https://img1.etsystatic.com/134/0/8876173/il_fullxfull.1107150627_kxvm.jpg,,
Sash: Tan,Satin material ,0.6,https://cdn.shopify.com/s/files/1/1552/7691/products/SASHP_SS_GOLD_D01_1024x1024.jpg?v=1489688686,,
Sash: Silver,Satin material ,0.6,http://www.tableclothsfactory.com/ProductDetails.asp?ProductCode=SASHP_SS_SILV,,
Chair Cover,Available in Brown and White; chair and sashes rented seperately ,3.75, ,https://www.tableclothsfactory.com/Banquet-Chair-Covers-p/chair_banq_wht.htm,
,,,,,
Overlay: Chocolate,Satin material ,8.25, ,http://www.cvlinens.com/square-90x90-satin-table-overlay-chocolate-brown-p-173.html,
Overlay: White,Satin material ,8.25,,http://www.cvlinens.com/square-90x90-satin-table-overlay-white-p-209.html,
Overlay: Turquoise,Satin material ,8.25,,http://www.cvlinens.com/square-90x90-satin-table-overlay-light-turquoise-p-184.html,
Overlay: Silver,Satin material ,8.25,,http://www.cvlinens.com/square-90x90-satin-table-overlay-silver-p-202.html,
Overlay: Yellow,Satin material ,8.25,,http://www.cvlinens.com/square-90x90-satin-table-overlay-yellow-p-3213.html,
Overlay: Navy Blue,Satin material ,8.25,,http://www.cvlinens.com/square-90x90-satin-table-overlay-navy-blue-p-207.html,
Overlay: Tan,Satin material ,8.25,,http://www.cvlinens.com/square-90x90-satin-table-overlay-iced-coffeemocha-clearance-p-8173.html,
Overlay: Gold,Satin material ,8.25,,http://www.cvlinens.com/square-90x90-satin-table-overlay-bright-gold-p-208.html,
Overlay: Purple,Satin material ,8.25,,http://www.cvlinens.com/square-90x90-satin-table-overlay-purple-p-190.html,
Overlay: Lavender,Satin material ,8.25,,http://www.cvlinens.com/square-90x90-satin-table-overlay-lavender-p-182.html,
Overlay: Apple Green,Satin material ,8.25,,http://www.cvlinens.com/square-90x90-satin-table-overlay-apple-green-p-3168.html,
Overlay: Orange,Satin material ,8.25,,http://www.cvlinens.com/square-90x90-satin-table-overlay-orange-p-194.html,
Overlay: Apple Green,Satin material ,8.25,,http://www.cvlinens.com/square-90x90-satin-table-overlay-apple-green-p-3168.html,
Overlay: Black,Satin material ,8.25,,http://www.cvlinens.com/square-90x90-satin-table-overlay-black-p-175.html,
Overlay: Pink,Satin material ,8.25,,http://www.cvlinens.com/square-90x90-satin-table-overlay-medium-pink-p-177.html,
Overlay: Ivory,Satin material ,8.25,,http://www.cvlinens.com/square-90x90-satin-table-overlay-ivory-p-198.html,
Overlay: Fuchsia,Satin material ,8.25,,http://www.cvlinens.com/square-90x90-satin-table-overlay-fuchsia-p-196.html,
Overlay: Brown,Satin material ,8.25,,http://www.cvlinens.com/square-90x90-satin-table-overlay-chocolate-brown-p-173.html,
Overlay: Burnt Orange,Satin material ,8.25,,http://www.cvlinens.com/square-90x90-satin-table-overlay-burnt-orange-p-205.html,
Overlay: Red,Satin material ,8.25,,http://www.cvlinens.com/square-90x90-satin-table-overlay-p-185.html,
 , , , , ,
Runner: Turquoise,Satin material ,4.75,,http://www.cvlinens.com/images/Satin-TableRunners_-_DarkTurquoise.jpg,
Runner: Silver,Satin material ,4.75,,http://www.cvlinens.com/satin-table-runner-silver-p-531.html,
Runner: Navy Blue,Satin material and heavy linen ,4.75,,http://www.cvlinens.com/satin-table-runner-navy-blue-p-518.html,
Runner: Gold,Satin material ,4.75,,http://www.cvlinens.com/satin-table-runner-antique-gold-p-5422.html,
Runner: Purple,Satin material ,4.75,,http://www.cvlinens.com/satin-table-runner-purple-p-519.html,
Runner: Lavender,Satin material ,4.75,, http://www.cvlinens.com/images/resized/small/Satin-TableRunners_-_Lavender.jpg,
Runner: Apple Green ,Satin material ,4.75,,http://www.cvlinens.com/images/Satin-Table-Runner-Apple-Green.jpg,
Runner: Black,Satin material ,4.75, , http://www.cvlinens.com/satin-table-runner-black-p-97.html, 
Runner: Fuchsia,Satin material ,4.75, , http://www.cvlinens.com/satin-table-runner-fuchsia-p-523.html,
Runner: Brown,Satin material ,4.75,, http://www.cvlinens.com/satin-table-runner-chocolate-brown-p-800.html,
Runner: Burlap,Burlap material ,8,,http://www.cvlinens.com/burlap-table-runner-13x108-natural-p-4866.html,
,,,,,
TABLES,,,,,
4' Banquet Table,Seats 4-6 Adults,8,,http://www.psfurniture.com/products/tables/200-series-plywood-folding-tables,
6' Banquet Table,Setas 6-8 Adults ,9,,http://www.psfurniture.com/products/tables/200-series-plywood-folding-tables,
8' Banquet Table ,Seats 8-10 Adults ,10,,http://www.psfurniture.com/products/tables/200-series-plywood-folding-tables,
Serpentine Table,"Curved table; use for buffet line, kids table, or to add whimsy to your setting ",9,,http://www.psfurniture.com/products/tables/200-series-plywood-folding-tables,
"Farm Table 40"" x 96"" ",Seats 10-12 Adults ,75,,Kestell,
"60"" Round Table",Seats 8-10 Adults,10,,http://www.psfurniture.com/products/tables/200-series-plywood-folding-tables,
"48"" Round Table ",Seats 6-8 Adults,9,,http://www.psfurniture.com/products/tables/200-series-plywood-folding-tables,
"72"" Round Table ",Seats 10-12 Adults ,14,,http://www.psfurniture.com/products/tables/200-series-plywood-folding-tables,
"30"" Bistro Table ","42"" height; use for ceremony, cake table, guest book",8,,http://www.psfurniture.com/products/tables/200-series-plywood-folding-tables,
6' Childrens Table,"Seats 6 kids; white resin surface; 21"" tall ",9,,https://www.webstaurantstore.com/flash-furniture-rb-3060-kid-gg-30-x-60-kids-granite-white-plastic-folding-table/354YCZ3060KW.html?utm_source=Google&utm_medium=cpc&utm_campaign=GoogleShopping&gclid=CjwKCAjw6szOBRAFEiwAwzixBTMK9sqRDOYDw9ZGczPSnyJUlpDngybaQEhidOmM_BZxbFmJKIm7GxoCJGsQAvD_BwE,
Umbrella ,"Ability to tilt; Covers a 48"" Round Table - perfect to cover a cake table ",15,,https://images-na.ssl-images-amazon.com/images/I/71%2B3CHFWvTL._SX355_.jpg,
,,,,,
Chairs,,,, ,
Kids Chair,"Resin; available in almond, turquoise, and lime",1.75,Lifetime,  http://www.yougojumpoc.com/chairs.jpg,
Highchair,Use for infants and small toddlers; straps included,12,, https://www.therdstore.com/mm5/graphics/00000001/HCW-1.jpg,
Booster Seat,Strapless; Use for toddlers and small children,8,, https://www.bargreen.com/media/catalog/product/cache/1/small_image/295x295/9df78eab33525d08d6e5fb8d27136e95/1/0/100bc110.jpg,
White Resin Chair,Folding white chair with padding,3,,http://www.psfurniture.com/products/seating/classic-event-chair,
Vineyard chair,Rustic appearance; cushions available for no extra charge ,8.6,,https://www.google.com/search?q=Vineyard+x+back+chair&rlz=1C5CHFA_enUS706US706&tbm=isch&imgil=aeSg1QaJjAxCtM%253A%253BpFM05cy9WroHsM%253Bhttps%25253A%25252F%25252Fwww.alibaba.com%25252Fshowroom%25252Fwholesale-x-back-vineyard-chair.html&source=iu&pf=m&fir=aeSg1QaJjAxCtM%253A%252CpFM05cy9WroHsM%252C_&usg=__7Cma1nm6j2eQrrqH4esLpQbE6wo%3D&biw=1398&bih=683&ved=0ahUKEwj2ldG_oMTVAhUKz2MKHdGoBz0QyjcIlAE&ei=ReiHWbbfNYqejwPR0Z7oAw#imgrc=aeSg1QaJjAxCtM:,
White Samsonite,Folding resin chair,1.75,,http://www.psfurniture.com/products/seating/eventxpress-c600,
Brown Samsonite,Folding resin chair,1.75,,http://www.psfurniture.com/products/seating/eventxpress-c600,
Black Folding Chair ,Folding resin chair; larger in size than Samsonite chairs ,2,,https://images.samsclubresources.com/is/image/samsclub/0081258101494_A?$img_size_222x222$,
,,,,,
Canopies,,,,,
10' x 10' Pop up Canopy ,Perfect for a booth tent or sports events; side walls available ,47,,https://www.google.com/search?q=caravan+pop+up+tent&source=lnms&tbm=isch&sa=X&ved=0ahUKEwiwmLT__vLWAhUP3WMKHcKzDtUQ_AUICygC&biw=1920&bih=974#imgrc=9v_fVHtJNi5lzM:,
15' x 15' Canopy ,225 sq ft of room; scalloped edges ,195,, http://www.cantonparty.com/wp-content/uploads/2011/11/party_tent1.jpg,
10' x 20' Canopy ,200 sq ft of room; scalloped edges ,210,, https://images-na.ssl-images-amazon.com/images/I/51x-TImK3oL._SX355_.jpg,
20' x 20' Canopy ,400 sq ft of room; scalloped edges ,250,,https://sep.yimg.com/ay/yhst-84104761184795/celina-20-x-20-presto-over-the-counter-pole-tent-with-white-top-21.jpg,
20' X 40' Canopy ,800 sq ft of room; scalloped edges ,450,,http://www.smithrentstents.com/images/frame%20tents/20x40innis.jpg,
20' x 30' Canopy ,600 sq ft of room; scalloped edges ,350,,https://www.gettent.com/images/20-x-30-classic-frame-white-2-l.JPG,
30' x 30' Canopy,900 sq ft of room - gable end ,495,,http://2le0xp15a8jj172v473v3y381vh.wpengine.netdna-cdn.com/tent/wp-content/uploads/sites/16/bb-plugin/cache/40x60-25x60-300SQ-circle.jpg,
30' x 60' Canopy,1800 sq ft of room- gable end,950,,http://2le0xp15a8jj172v473v3y381vh.wpengine.netdna-cdn.com/tent/wp-content/uploads/sites/16/bb-plugin/cache/40x60-25x60-300SQ-circle.jpg,
40' x 40' Canopy ,1600 sq ft of room -gable end ,850,,http://2le0xp15a8jj172v473v3y381vh.wpengine.netdna-cdn.com/tent/wp-content/uploads/sites/16/bb-plugin/cache/40x60-25x60-300SQ-circle.jpg,
40' x 60' Canopy,2400 sq ft of room- gable end,1440,,http://2le0xp15a8jj172v473v3y381vh.wpengine.netdna-cdn.com/tent/wp-content/uploads/sites/16/bb-plugin/cache/40x60-25x60-300SQ-circle.jpg,
Sidewall,add walls to a tent for a more intimate atmosphere or for further weather protection; window or windowless available,1,,http://s3.amazonaws.com/snyderevents-images/assets/13294/window_walls_medium.jpg,
Patio heater 40k ,Propane patio heaters; heats a 10-15ft diameter ,50,, http://www.homedepot.com/catalog/productImages/1000/de/de1727f8-7811-483d-b430-126c64dca742_1000.jpg,
,,,,,
Inflatables,,,,,
Inflatable Arched Castle 15' x 15',occupies 6 users at a time; generators available for rent ,129,Magic Jump, https://www.bouncehousesnow.com/media/catalog/product/cache/4/image/650x/040ec09b1e35df139433887a97daa66f/a/r/arched-castle_nowm0_2.jpg,
Inflatable Dual combo 23' x 15' x 15',generators available for rent; bouncy house/slide combo,159,Magic Jump,http://www.magicjump.com/combo_units/dual_castle_combo/315/,
Inflatable Ice Castle 15' x  15',occupies 6 users at a time; generators available for rent ,129,Magic Jump,http://www.magicjump.com/bounce_houses/ice_castle/506/,
Inflatable Sports Arena 15' x 15',occupies 6 users at a time; generators available for rent ,129,Magic Jump, http://www.magicjump.com/bounce_houses/sport_arena/59/,
Inflatable Hot Air combo 21' x 13' x 16',generators available for rent; bouncy house/slide combo,149,Magic Jump,http://www.magicjump.com/combo_units/ez_hot_air_combo/346/,
Inflatable Tropical combo 21' x 13' x 14',generators available to rent; bouncy house/slide combo,149,Magic Jump,http://www.magicjump.com/combo_units/ez_tropical_combo/342/,
Inflatable Fun House combo 21' x 13' x 13' ,generators available to rent; bouncy house/slide combo,149,Magic Jump,http://www.magicjump.com/combo_units/ez_fun_house_combo/408/,
VF1000 Fogger Machine,Solution needed; available for purchase ,35,, http://lghttp.33159.nexcesscdn.net/80EF9A/cache/media/catalog/product/cache/1/image/1000x/040ec09b1e35df139433887a97daa66f/1/7/172925361059829e2a92fef.jpg,
,,,,,
Wedding Arches,,,,,
Natural Trellis Arch ,"Cedar Trellis, 62.5"" W x 87"" T x 23"" D",47,  ,,
Door Wedding Arch,"Vintage Wooden Doors with facade, 100"" T x 80"" W x 32"" D",47,,,
White Wedding Arch,"Wood, 71"" W x 94"" T x 29"" D",47,,,
Garland/Tule,Use for wrapping arches,10,,,
Ever After Sign,Chalk Ever After Sign,7.99,,,
Wedding This Way sign,"Hanging, wooden 'Wedding This Way"" sign with chalk board area",7.99,,,
Reception Sign,"Hanging, wooden ""Reception"" sign with chalk board area ",7.99,,,